FISCAL YEAR,MONTH,IMPORT DUTY,EXCISE DUTY,INCOME TAX,VAT,OTHER TAX INCOME,TOTAL TAX REVENUE,NON-TAX REVENUE,TOTAL REVENUE,PROGRAMME GRANTS,PROJECT GRANTS,TOTAL GRANTS
1999,9,"7,157.00","6,869.00","12,054.00","9,255.00",,"35,335.00","5,979.00","41,314.00",6,"1,197.00","1,203.00"
1999,12,"13,912.00","14,007.00","25,545.00","19,734.00",,"73,198.00","13,131.00","86,329.00",329,"2,211.00","2,540.00"
2000,3,"21,407.00","21,182.00","37,156.00","30,091.00",,"109,836.00","20,756.00","130,592.00",344,"3,319.00","3,663.00"
2000,6,"28,605.00","28,493.00","54,402.00","40,944.00",,"152,444.00","25,999.00","178,443.00",0,"4,247.00","4,247.00"
2000,7,"2,813.00","1,572.00","2,905.00","2,708.00",,"9,998.00","1,617.00","11,615.00",0,323,323
2000,8,"4,427.00","4,152.00","6,375.00","7,392.00",,"22,346.00","4,257.00","26,603.00",0,516,516
2000,9,"7,273.00","6,604.00","12,174.00","11,424.00",,"37,475.00","6,797.00","44,272.00",0,"3,069.00","3,069.00"
2000,10,"10,131.00","8,716.00","15,448.00","15,386.00",,"49,681.00","9,319.00","59,000.00",0,"3,355.00","3,355.00"
2000,11,"13,022.00","11,314.00","19,522.00","19,824.00",,"63,682.00","10,898.00","74,580.00",0,"3,569.00","3,569.00"
2000,12,"15,048.00","13,379.00","25,026.00","23,516.00",,"76,969.00","13,396.00","90,365.00","1,714.00","6,420.00","8,134.00"
2001,1,"17,301.00","16,115.00","28,901.00","27,924.00",,"90,241.00","17,042.00","107,283.00","1,714.00","8,410.00","10,124.00"
2001,2,"19,313.00","18,250.00","32,481.00","31,742.00",,"101,786.00","21,394.00","123,180.00","1,714.00","8,654.00","10,368.00"
2001,3,"21,733.00","20,457.00","36,597.00","36,730.00",,"115,517.00","25,289.00","140,806.00","1,714.00","11,232.00","12,946.00"
2001,4,"23,951.00","22,896.00","40,043.00","41,195.00",,"128,085.00","26,744.00","154,829.00","3,585.00","11,648.00","15,233.00"
2001,5,"26,224.00","25,321.00","46,418.00","45,722.00",,"143,685.00","33,866.00","177,551.00","3,585.00","11,793.00","15,378.00"
2001,6,"28,726.00","28,318.00","55,829.00","50,298.00",,"163,171.00","31,542.00","194,713.00","5,955.00","18,125.00","24,080.00"
2001,7,"1,697.00","1,830.00","3,162.00","3,337.00",,"10,026.00","1,739.00","11,765.00",0,120,120
2001,8,"4,407.00","4,515.00","6,572.00","8,166.00",,"23,660.00","4,663.00","28,323.00","1,026.00",501,"1,527.00"
2001,9,"5,945.00","6,662.00","12,346.00","12,277.00",,"37,230.00","7,011.00","44,241.00","1,026.00",693,"1,719.00"
2001,10,"7,672.00","8,968.00","15,683.00","16,438.00",,"48,761.00","10,023.00","58,784.00","1,026.00","1,229.00","2,255.00"
2001,11,"9,946.00","11,758.00","19,614.00","21,232.00",,"62,550.00","12,819.00","75,369.00","1,026.00","1,716.00","2,742.00"
2001,12,"11,575.00","14,113.00","25,701.00","24,826.00",,"76,215.00","14,559.00","90,774.00","1,026.00","2,002.00","3,028.00"
2002,1,"13,305.00","17,460.00","29,724.00","29,723.00",,"90,212.00","16,848.00","107,060.00","1,026.00","2,378.00","3,404.00"
2002,2,"14,508.00","20,586.00","33,596.00","33,541.00",,"102,231.00","21,338.00","123,569.00","1,026.00","2,675.00","3,701.00"
2002,3,"16,114.00","23,178.00","37,918.00","37,506.00",,"114,716.00","22,966.00","137,682.00","1,026.00","3,546.00","4,572.00"
2002,4,"17,607.00","26,016.00","42,065.00","41,896.00",,"127,584.00","28,865.00","156,449.00","1,473.00","3,681.00","5,154.00"
2002,5,"19,323.00","28,974.00","48,780.00","46,389.00",,"143,466.00","31,095.00","174,561.00","1,473.00","4,988.00","6,461.00"
2002,6,"21,584.00","32,077.00","55,862.00","50,871.00",,"160,394.00","37,374.00","197,768.00","1,473.00","5,350.00","6,823.00"
2002,7,"1,421.00","2,479.00","3,015.00","3,892.00",,"10,807.00","2,124.00","12,931.00",0,698,698
2002,8,"3,226.00","5,431.00","7,540.00","8,009.00",,"24,206.00","4,180.00","28,386.00",0,"1,691.00","1,691.00"
2002,9,"4,554.00","8,517.00","13,442.00","12,468.00",,"38,981.00","6,871.00","45,852.00",0,"2,712.00","2,712.00"
2002,10,"5,963.00","10,389.00","17,528.00","18,598.00",,"52,478.00","8,897.00","61,375.00",0,"2,983.00","2,983.00"
2002,11,"7,383.00","13,097.00","22,656.00","23,163.00",,"66,299.00","11,002.00","77,301.00",0,"3,539.00","3,539.00"
2002,12,"8,520.00","15,946.00","29,916.00","27,566.00",,"81,948.00","14,540.00","96,488.00",0,"3,621.00","3,621.00"
2003,1,"10,119.00","19,296.00","34,827.00","32,540.00",,"96,782.00","17,524.00","114,306.00",0,"4,673.00","4,673.00"
2003,2,"11,781.00","22,291.00","38,580.00","37,369.00",,"110,021.00","25,542.00","135,563.00",0,"5,808.00","5,808.00"
2003,3,"13,276.00","25,303.00","44,149.00","42,047.00",,"124,775.00","26,310.00","151,085.00",0,"7,366.00","7,366.00"
2003,4,"14,712.00","28,428.00","51,614.00","46,983.00",,"141,737.00","28,462.00","170,199.00",0,"9,195.00","9,195.00"
2003,5,"16,542.00","31,455.00","57,418.00","51,502.00",,"156,917.00","30,414.00","187,331.00",0,"12,502.00","12,502.00"
2003,6,"18,477.00","35,643.00","66,744.00","56,135.00",,"176,999.00","33,751.00","210,750.00",458,"14,484.00","14,942.00"
2003,7,"1,677.00","2,681.00","4,736.00","3,622.00",,"12,716.00","2,339.00","15,055.00",0,173,173
2003,8,"3,297.00","5,574.00","9,577.00","7,703.00",,"26,151.00","5,224.00","31,375.00",0,"2,761.00","2,761.00"
2003,9,"4,994.00","8,937.00","16,934.00","12,713.00",,"43,578.00","8,287.00","51,865.00","4,275.00","2,908.00","7,183.00"
2003,10,"6,647.00","12,019.00","21,865.00","18,085.00",,"58,616.00","10,637.00","69,253.00","4,275.00","3,376.00","7,651.00"
2003,11,"8,084.00","15,401.00","26,451.00","22,932.00",,"72,868.00","13,441.00","86,309.00","4,275.00","5,055.00","9,330.00"
2003,12,"10,044.00","18,800.00","34,766.00","28,051.00",,"91,661.00","19,884.00","111,545.00","4,383.00","5,959.00","10,342.00"
2004,1,"12,079.00","22,689.00","39,854.00","33,458.00",,"108,080.00","22,015.00","130,095.00","4,383.00","6,128.00","10,511.00"
2004,2,"13,758.00","25,819.00","45,323.00","38,472.00",,"123,372.00","25,071.00","148,443.00","4,383.00","8,163.00","12,546.00"
2004,3,"15,790.00","29,434.00","51,380.00","44,115.00",,"140,719.00","28,985.00","169,704.00","4,383.00","8,165.00","12,548.00"
2004,4,"18,003.00","32,817.00","60,967.00","49,959.00",,"161,746.00","33,961.00","195,707.00","4,383.00","9,784.00","14,167.00"
2004,5,"19,457.00","35,885.00","67,287.00","55,199.00",,"177,828.00","38,384.00","216,212.00","4,383.00","9,894.00","14,277.00"
2004,6,"22,324.00","40,085.00","77,410.00","61,725.00",,"201,544.00","53,137.00","254,681.00","4,383.00","11,841.00","16,224.00"
2004,7,"1,511.00","2,964.00","5,363.00","5,027.00",,"14,865.00","1,950.00","16,815.00",0,"1,747.00","1,747.00"
2004,8,"3,591.00","6,239.00","11,254.00","11,391.00",,"32,475.00","4,675.00","37,150.00",0,"2,199.00","2,199.00"
2004,9,"5,744.00","9,830.00","20,225.00","17,664.00",,"53,463.00","7,173.00","60,636.00",0,"3,395.00","3,395.00"
2004,10,"7,608.00","14,117.00","28,150.00","22,967.00",,"72,842.00","12,783.00","85,625.00",0,"3,696.00","3,696.00"
2004,11,"9,619.00","17,879.00","34,643.00","29,323.00",,"91,464.00","17,077.00","108,541.00",0,"3,774.00","3,774.00"
2004,12,"11,872.00","21,737.00","47,005.00","36,003.00",,"116,617.00","22,327.00","138,944.00",0,"5,611.00","5,611.00"
2005,1,"14,047.00","25,260.00","55,557.00","43,434.00",,"138,298.00","27,348.00","165,646.00",0,"7,108.00","7,108.00"
2005,2,"15,886.00","28,901.00","61,342.00","48,930.00",,"155,059.00","30,460.00","185,519.00",0,"9,366.00","9,366.00"
2005,3,"17,533.00","32,414.00","69,295.00","55,620.00",,"174,862.00","33,903.00","208,765.00",0,"10,371.00","10,371.00"
2005,4,"19,309.00","36,180.00","78,792.00","62,565.00",,"196,846.00","35,960.00","232,806.00",0,"11,236.00","11,236.00"
2005,5,"21,010.00","39,892.00","87,626.00","68,247.00",,"216,775.00","37,405.00","254,180.00",0,"12,396.00","12,396.00"
2005,6,"23,532.00","44,151.00","99,255.00","75,989.00",,"242,927.00","46,875.00","289,802.00","5,564.00","9,341.00","14,905.00"
2005,7,987,"2,687.00","6,654.00","3,826.00",,"14,154.00","1,327.00","15,481.00",0,818,818
2005,8,"2,742.00","6,080.00","15,462.00","9,577.00",,"33,861.00","3,551.00","37,412.00",0,"1,881.00","1,881.00"
2005,9,"4,652.00","11,369.00","27,337.00","14,771.00",,"58,129.00","6,815.00","64,944.00",0,"3,760.00","3,760.00"
2005,10,"6,322.00","15,246.00","35,498.00","21,362.00",,"78,428.00","12,493.00","90,921.00",0,"4,201.00","4,201.00"
2005,11,"8,227.00","20,179.00","42,620.00","26,950.00",,"97,976.00","13,629.00","111,605.00",0,"4,704.00","4,704.00"
2005,12,"9,923.00","24,937.00","54,823.00","33,753.00",,"123,436.00","19,179.00","142,615.00",0,"5,698.00","5,698.00"
2006,1,"11,731.00","29,458.00","62,639.00","41,172.00",,"145,000.00","24,821.00","169,821.00","4,371.00","9,548.00","13,919.00"
2006,2,"13,270.00","33,685.00","69,270.00","47,161.00",,"163,386.00","26,840.00","190,226.00","4,371.00","10,131.00","14,502.00"
2006,3,"15,205.00","37,886.00","78,853.00","54,261.00",,"186,205.00","30,947.00","217,152.00","4,371.00","11,234.00","15,605.00"
2006,4,"16,053.00","41,208.00","89,221.00","60,194.00",,"206,676.00","34,314.00","240,990.00","4,371.00","11,981.00","16,352.00"
2006,5,"18,426.00","45,389.00","100,030.00","67,931.00",,"231,776.00","41,715.00","273,491.00","4,371.00","12,579.00","16,950.00"
2006,6,"20,511.00","50,309.00","108,897.00","76,263.00",,"255,980.00","57,615.55","313,595.55","4,371.00","15,592.00","19,963.00"
2006,7,"2,031.08","3,768.98","7,398.71","7,589.00",,"20,787.77","1,858.02","22,645.79",0,264,264
2006,8,"4,650.00","8,755.00","14,810.00","14,016.00",,"42,231.00","4,227.00","46,458.00",0,"1,440.00","1,440.00"
2006,9,"6,971.00","12,768.00","28,625.00","19,560.00",,"67,924.00","7,633.00","75,557.00",0,"2,173.00","2,173.00"
2006,10,"8,954.00","16,862.00","35,345.00","29,267.00",,"90,428.00","13,743.00","104,171.00",0,"3,693.00","3,693.00"
2006,11,"11,294.00","21,240.00","43,019.00","37,417.00",,"112,970.00","15,687.00","128,657.00",0,"5,025.00","5,025.00"
2006,12,"13,692.73","25,373.90","56,537.00","44,617.00",,"140,220.64","22,218.18","162,438.82",0,"6,027.00","6,027.00"
2007,1,"16,071.00","31,205.00","65,182.00","53,015.00",,"165,473.00","29,847.00","195,320.00",0,"6,163.00","6,163.00"
2007,2,"18,178.00","35,139.00","72,539.00","59,867.00",,"185,723.00","36,020.00","221,743.00",0,"6,463.00","6,463.00"
2007,3,"20,514.00","39,613.00","82,947.00","68,899.00",,"211,973.00","44,741.00","256,714.00",0,"8,283.00","8,283.00"
2007,4,"23,078.00","44,926.00","97,426.00","78,522.00",,"243,952.00","46,493.00","290,445.00",0,"11,011.00","11,011.00"
2007,5,"25,336.00","50,336.00","108,700.00","87,395.00",,"271,767.00","56,188.00","327,955.00",0,"11,150.00","11,150.00"
2007,6,"27,510.00","56,406.00","124,855.00","96,269.00",,"305,040.00","67,990.00","373,030.00",0,"15,494.00","15,494.00"
2007,7,"3,215.00","5,162.00","10,060.00","10,742.00",,"29,179.00","4,337.00","33,516.00",0,656,656
2007,8,"5,913.00","10,732.00","19,686.00","19,580.00",,"55,911.00","8,886.00","64,797.00",0,"1,167.00","1,167.00"
2007,9,"8,587.00","15,286.00","34,486.00","28,835.00",,"87,194.00","8,816.00","96,010.00",0,"1,237.00","1,237.00"
2007,10,"11,550.00","20,953.00","45,811.00","38,500.00",,"116,814.00","13,588.00","130,402.00",0,"4,735.00","4,735.00"
2007,11,"14,620.00","26,998.00","56,302.00","48,176.00",,"146,096.00","16,487.00","162,583.00",0,"6,365.00","6,365.00"
2007,12,"16,734.00","31,030.00","71,944.00","54,489.00",,"174,197.00","29,534.00","203,731.00",0,"8,362.00","8,362.00"
2008,1,"19,651.00","37,665.00","83,880.00","66,249.00",,"207,445.00","34,077.00","241,522.00","3,759.00","12,345.00","16,104.00"
2008,2,"22,497.00","42,036.00","92,769.00","75,003.00",,"232,305.00","37,001.00","269,306.00","3,759.00","12,345.00","16,104.00"
2008,3,"25,650.00","46,662.00","105,627.00","82,964.00",,"260,903.00","47,380.00","308,283.00","3,759.00","14,305.00","18,064.00"
2008,4,"27,846.00","52,062.00","123,757.00","92,085.00",,"295,750.00","50,441.00","346,191.00","3,759.00","16,166.00","19,925.00"
2008,5,"30,534.00","57,077.00","138,685.00","102,154.00",,"328,450.00","53,181.00","381,631.00","3,759.00","21,036.00","24,795.00"
2008,6,"32,944.00","61,906.00","156,832.00","111,939.00",,"363,621.00","68,599.00","432,220.00","3,759.00","21,689.00","25,448.00"
2008,7,"2,476.00","5,238.00","11,384.00","10,354.00",,"29,452.00","4,100.00","33,552.00",0,121,121
2008,8,"4,654.00","10,437.00","22,118.00","20,201.00",,"57,410.00","8,818.00","66,228.00",0,"2,090.00","2,090.00"
2008,9,"7,760.00","15,882.00","39,782.00","31,243.00",,"94,667.00","14,219.00","108,886.00",0,"3,239.00","3,239.00"
2008,10,"10,964.00","21,837.00","52,024.00","41,993.00",,"126,818.00","19,429.00","146,247.00",0,"3,520.00","3,520.00"
2008,11,"14,326.00","26,446.00","62,803.00","53,117.00",,"156,692.00","23,568.00","180,260.00",0,"3,890.00","3,890.00"
2008,12,"18,052.00","32,495.00","84,804.00","63,846.00",,"199,197.00","32,564.00","231,761.00",0,"5,165.00","5,165.00"
2009,1,"21,181.00","39,019.00","98,540.00","74,678.00",,"233,418.00","37,776.00","271,194.00",0,"6,225.00","6,225.00"
2009,2,"24,077.00","44,781.00","117,533.00","84,620.00",,"271,011.00","38,234.00","309,245.00",0,"9,604.00","9,604.00"
2009,3,"27,062.00","50,503.00","133,603.00","94,818.00",,"305,986.00","38,239.00","344,225.00",0,"13,209.00","13,209.00"
2009,4,"29,813.00","57,332.00","157,873.00","105,056.00",,"350,074.00","42,481.00","392,555.00",0,"14,659.00","14,659.00"
2009,5,"32,642.00","63,422.00","179,117.00","115,032.00",,"390,213.00","42,227.00","432,440.00",0,"17,202.00","17,202.00"
2009,6,"36,181.00","69,872.00","184,447.00","126,854.00",,"417,354.00","70,539.00","487,893.00",0,"18,065.00","18,065.00"
2009,7,"3,316.00","5,848.00","11,848.00","12,398.00",,"33,410.00","4,652.00","38,062.00",0,"2,018.00","2,018.00"
2009,8,"6,316.00","10,850.00","23,514.00","23,044.00",,"63,724.00","8,547.00","72,271.00",0,"2,549.00","2,549.00"
2009,9,"9,490.00","17,273.00","45,394.00","34,547.00",,"106,704.00","19,949.00","126,653.00",0,"3,469.00","3,469.00"
2009,10,"12,894.00","23,731.00","60,443.00","44,887.00",,"141,955.00","25,355.00","167,310.00",0,"3,524.00","3,524.00"
2009,11,"16,492.00","29,838.00","73,066.00","57,082.00",,"176,478.00","27,986.00","204,464.00",0,"3,524.00","3,524.00"
2009,12,"20,647.00","37,301.00","97,049.00","69,454.00",,"224,451.00","32,863.00","257,314.00",0,"8,766.00","8,766.00"
2010,1,"24,029.00","43,080.00","111,349.00","81,309.00",,"259,767.00","44,764.00","304,531.00",0,"9,879.00","9,879.00"
2010,2,"27,012.00","48,668.00","123,131.00","91,879.00",,"290,690.00","49,994.00","340,684.00",0,"9,978.00","9,978.00"
2010,3,"30,499.00","54,375.00","140,282.00","104,723.00",,"329,879.00","57,810.00","387,689.00",0,"14,378.00","14,378.00"
2010,4,"34,017.00","60,951.00","164,615.00","116,820.00",,"376,403.00","63,870.00","440,273.00",0,"16,301.00","16,301.00"
2010,5,"37,396.00","67,745.00","182,052.00","128,187.00",,"415,380.00","69,823.00","485,203.00",0,"16,822.00","16,822.00"
2010,6,"41,372.00","74,644.00","216,760.00","146,792.00",,"479,568.00","106,809.00","586,377.00",0,"31,190.00","31,190.00"
2010,7,"2,821.00","5,889.00","13,219.00","11,916.00",,"33,845.00","4,694.00","38,539.00",0,0,0
2010,8,"6,273.00","12,065.00","27,193.00","24,513.00",,"70,044.00","12,042.00","82,086.00",0,944,944
2010,9,"10,323.00","18,968.00","51,972.00","38,207.00",,"119,470.00","13,399.00","132,869.00",0,"1,178.00","1,178.00"
2010,10,"14,402.00","25,565.00","69,453.00","53,228.00",,"162,648.00","25,253.00","187,901.00",0,"5,185.00","5,185.00"
2010,11,"18,647.00","32,331.00","84,560.00","67,487.00",,"203,025.00","33,378.00","236,403.00",0,"6,757.00","6,757.00"
2010,12,"22,699.00","39,516.00","114,188.00","81,576.00",,"257,979.00","36,883.00","294,862.00",0,"8,108.00","8,108.00"
2011,1,"26,830.00","47,177.00","130,250.00","98,612.00",,"302,869.00","47,856.00","350,725.00",0,"11,851.00","11,851.00"
2011,2,"29,881.00","54,186.00","144,295.00","111,427.00",,"339,789.00","54,751.00","394,540.00",0,"14,262.00","14,262.00"
2011,3,"34,032.00","60,879.00","164,961.00","125,497.00",,"385,369.00","61,197.00","446,566.00",0,"15,766.00","15,766.00"
2011,4,"37,105.00","66,528.00","195,385.00","139,887.00",,"438,905.00","72,487.00","511,392.00",0,"14,294.00","14,294.00"
2011,5,"41,112.00","73,371.00","221,026.00","154,226.00",,"489,735.00","76,052.00","565,787.00",0,"18,993.00","18,993.00"
2011,6,"46,072.00","80,567.00","258,651.00","171,881.00",,"557,171.00","103,593.00","660,764.00",0,"7,468.00","7,468.00"
2011,7,"3,248.00","5,104.00","14,653.00","13,748.00",,"36,753.00","2,609.00","39,362.00",0,573,573
2011,8,"7,888.00","11,159.00","31,470.00","27,934.00",,"78,451.00","5,949.00","84,400.00",0,"1,044.00","1,044.00"
2011,9,"12,426.00","17,760.00","63,008.00","42,711.00",,"135,905.00","11,147.00","147,052.00",0,"2,760.00","2,760.00"
2011,10,"16,356.00","22,853.00","84,523.00","55,660.00",,"179,392.00","14,346.00","193,738.00",0,"3,232.00","3,232.00"
2011,11,"20,513.00","30,073.00","103,651.00","70,910.00",,"225,147.00","17,992.00","243,139.00",0,"5,774.00","5,774.00"
2011,12,"25,055.46","37,010.85","141,447.82","86,160.58",,"289,674.72","25,163.86","314,838.57",0,"7,017.63","7,017.63"
2012,1,"28,584.82","44,380.12","159,088.70","100,781.65",,"332,835.29","29,280.70","362,115.99",0,"8,653.86","8,653.86"
2012,2,"32,455.00","50,627.00","178,098.00","114,489.00",,"375,669.00","33,908.00","409,577.00",0,"10,256.00","10,256.00"
2012,3,"36,587.00","57,999.00","203,053.00","128,633.00",,"426,272.00","38,897.00","465,169.00",0,"10,568.00","10,568.00"
2012,4,"40,539.00","64,504.00","240,871.00","142,939.00",,"488,853.00","45,589.00","534,442.00",0,"12,536.00","12,536.00"
2012,5,"45,558.00","71,926.00","268,833.00","157,690.00",,"544,007.00","53,288.00","597,295.00",0,"12,966.00","12,966.00"
2012,6,"51,712.00","78,884.00","312,463.00","183,386.00",,"626,445.00","64,287.00","690,732.00",0,"12,966.00","12,966.00"
2012,7,"3,973.99","5,625.32","17,973.38","12,822.10",,"40,394.79","2,794.57","43,189.36",0,10.1706,10.1706
2012,8,"8,932.89","11,459.20","41,990.51","27,186.40",,"89,569.00","7,774.30","97,343.30",,519.5264668,519.5264668
2012,9,"13,137.73","18,301.34","78,106.65","41,515.82",,"151,061.54","10,942.47","162,004.01",,"1,292.51","1,292.51"
2012,10,"18,528.02","26,307.61","103,100.53","53,056.31",,"200,992.47","15,278.16","216,270.63",,"2,953.08","2,953.08"
2012,11,"23,488.84","33,208.91","126,569.48","72,555.99",,"255,823.23","25,136.18","280,959.41",,"4,370.76","4,370.76"
2012,12,"28,212.63","40,532.06","168,398.39","87,565.62",,"324,708.70","34,374.59","359,083.29",,"6,282.51","6,282.51"
2013,1,"33,537.28","49,387.03","192,826.92","105,042.06",,"380,793.29","38,783.11","419,576.40",,"7,917.79","7,917.79"
2013,2,"37,906.34","56,523.11","214,700.73","119,699.63",,"428,829.82","44,456.41","473,286.23",,"8,543.24","8,543.24"
2013,3,"42,458.74","63,087.89","243,592.05","134,455.45",,"483,594.14","47,998.12","531,592.25",,"12,119.61","12,119.61"
2013,4,"47,144.94","69,984.26","290,336.19","189,157.57",,"596,622.96","62,376.34","658,999.30",,"13,607.50","13,607.50"
2013,5,"52,379.92","77,495.66","326,852.67","168,795.33",,"625,523.58","69,522.81","695,046.39",,"17,146.13","17,146.13"
2013,6,"61,484.24","91,810.07","370,600.00","216,000.00",,"739,894.32","82,772.64","822,666.96",,"76,373.33","76,373.33"
2013,7,"6,700.69","7,947.21","25,208.81","15,256.69",,"55,113.41","3,464.01","58,577.41",,17,17
2013,8,"16,071.30","18,250.44","52,563.23","34,215.07",,"121,100.04","7,022.23","128,122.27",,298.9744211,298.9744211
2013,9,"23,325.50","29,001.86","98,914.41","51,548.70",,"202,790.47","10,776.54","213,567.01",,"1,623.96","1,623.96"
2013,10,"31,774.58","31,870.54","131,457.09","71,973.50",,"267,075.71","21,600.40","288,676.11",,"4,636.05","4,636.05"
2013,11,"39,722.00","40,835.65","159,185.37","91,186.85",,"330,929.88","33,160.39","364,090.26",,"7,891.42","7,891.42"
2013,12,"47,493.00","48,050.39","210,699.12","110,723.24",,"416,965.75","43,636.60","460,602.35",,"8,368.61","8,368.61"
2014,1,"55,873.03","57,044.76","239,412.09","132,020.40",,"484,350.28","54,450.58","538,800.86",,"9,298.66","9,298.66"
2014,2,"62,547.68","64,686.19","264,210.53","149,385.25",,"540,829.64","46,275.51","587,105.15",,"11,580.08","11,580.08"
2014,3,"69,518.49","72,451.77","298,241.62","168,100.46",,"608,312.34","73,264.43","681,576.77",,"12,723.30","12,723.30"
2014,4,"76,877.99","81,085.61","351,630.35","188,091.81",,"697,685.76","81,327.68","779,013.44",,"16,734.50","16,734.50"
2014,5,"84,511.67","90,419.75","389,249.19","210,202.43",,"774,383.04","85,776.82","860,159.86",,"20,605.40","20,605.40"
2014,6,"67,554.64","102,029.10","449,590.07","232,630.32",,"851,804.13","117,358.03","969,162.15",,"25,272.96","25,272.96"
2014,7,"4,564.12","7,614.58","31,331.13","17,885.28",,"61,395.11","28,335.10","89,730.22",,527.23,527.23
2014,8,"10,180.30","14,893.93","62,134.53","37,505.22",,"124,713.98","42,866.19","167,580.17",,581.802,581.802
2014,9,"16,632.95","24,672.98","116,250.03","58,708.19",,"216,264.15","45,236.81","261,500.96",,"3,377.15","3,377.15"
2014,10,"22,465.82","37,500.36","150,355.81","80,398.18",,"290,720.16","61,552.46","352,272.63",,"6,010.81","6,010.81"
2014,11,"28,171.97","47,378.45","180,321.15","101,526.79",,"357,398.36","58,731.83","416,130.19",,"6,664.25","6,664.25"
2014,12,"35,091.52","56,506.12","239,201.93","122,887.72",,"453,687.29","83,078.31","536,765.60",,"7,826.84","7,826.84"
2015,1,"41,881.56","66,833.18","272,458.24","147,619.96","29,417.87","558,210.80","52,845.54","611,056.34",0,"11,204.86","11,204.86"
2015,2,"47,363.61","74,536.93","303,065.92","166,771.33","35,951.14","627,688.93","65,098.74","692,787.67",,"15,158.17","15,158.17"
2015,3,"53,241.66","83,762.29","342,207.38","187,640.07","32,219.03","699,070.44","65,496.89","764,567.34",,"19,123.61","19,123.61"
2015,4,"59,201.65","94,354.32","398,095.05","210,855.39","39,628.18","802,134.59","76,263.71","878,398.29",,"23,419.63","23,419.63"
2015,5,"65,320.78","104,866.07","442,489.54","233,154.99","35,200.43","881,031.81","77,734.03","958,765.84",,"23,531.13","23,531.13"
2015,6,"74,047.72","115,871.72","508,580.90","259,685.20","39,039.89","997,225.43","85,936.47","1,083,161.90",,"27,383.85","27,383.85"
2015,7,"5,853.47","9,415.75","36,489.51","21,897.56","3,464.09","77,120.38","4,087.26","81,207.63",,61.0026082,61.0026082
2015,8,"12,675.89","19,812.26","69,280.20","44,333.76","7,318.48","153,420.59","8,770.25","162,190.83",,"2,975.94","2,975.94"
2015,9,"19,422.32","30,103.86","126,753.69","69,408.95","10,935.47","256,624.30","20,369.81","276,994.11",,"5,493.79","5,493.79"
2015,10,"26,230.62","41,110.60","162,202.78","91,824.89","15,584.20","336,953.08","28,530.60","365,483.68",,"6,494.63","6,494.63"
2015,11,"32,733.88","51,809.44","197,436.72","115,132.81","18,982.72","416,095.56","35,190.16","451,285.72",,"8,252.10","8,252.10"
2015,12,"39,170.00","64,705.00","262,184.00","138,036.00","21,945.00","526,040.00","49,200.00","575,240.00",,"9,243.00","9,243.00"
2016,1,"46,501.24","77,032.83","297,878.07","163,068.66","24,759.51","609,240.30","61,700.20","670,940.50",,"20,825.60","20,825.60"
2016,2,"47,212.86","77,666.68","299,514.61","164,755.34","25,375.53","614,525.01","66,352.92","680,877.93",,"24,248.77","24,248.77"
2016,3,"57,792.86","99,129.09","379,544.00","209,242.65","30,167.50","775,876.09","76,503.81","852,379.90",,"24,491.23","24,491.23"
2016,4,"64,271.46","111,517.06","445,127.85","234,226.41","32,973.57","888,116.35","85,145.59","973,261.94",,"26,075.67","26,075.67"
2016,5,"71,582.14","125,956.96","497,253.66","260,671.90","36,055.39","991,520.04","93,345.49","1,084,865.54",,"26,480.00","26,480.00"
2016,6,"79,187.93","139,540.34","564,475.21","289,213.47","39,567.66","1,111,984.62","110,030.12","1,222,014.74",,"28,005.46","28,005.46"
2016,7,"6,136.02","13,555.24","35,269.49","23,775.81","2,316.11","81,052.67","7,641.07","88,693.74",0,0,0
2016,8,"12,797.55","27,205.48","80,325.68","52,696.55","5,174.61","178,199.87","18,588.96","196,788.82",0,25.9295715,25.9295715
2016,9,"19,968.63","40,427.17","140,855.00","79,648.06","8,130.30","289,029.16","27,140.39","316,169.54",0,"1,422.36","1,422.36"
2016,10,"25,843.57","52,977.15","177,381.82","100,833.15","10,375.40","367,411.09","37,880.27","405,291.36",0,"2,166.85","2,166.85"
2016,11,"32,551.39","60,350.37","222,639.68","126,909.84","12,147.12","454,598.41","58,135.10","512,733.51",0,"7,358.18","7,358.18"
2016,12,"42,883.21","81,664.37","289,274.61","160,535.77","16,812.60","591,170.56","78,164.53","669,335.10",0,"6,424.71","6,424.71"
2017,1,"50,841.52","95,811.63","330,139.60","190,043.66","19,403.28","686,239.69","86,454.94","772,694.63",0,"12,950.39","12,950.39"
2017,2,"58,615.39","109,381.19","364,994.08","217,776.70","22,381.90","773,149.26","96,571.69","869,720.96",0,"14,157.63","14,157.63"
2017,3,"65,804.00","121,568.00","412,034.00","246,084.00","25,118.91","870,608.88","104,098.73","974,707.60",0,"20,479.18","20,479.18"
2017,4,"72,638.00","134,666.00","482,910.00","274,169.00","27,613.71","991,996.20","114,131.87","1,106,128.07",0,"22,328.55","22,328.55"
2017,5,"81,319.00","149,102.00","547,507.00","305,994.00","30,553.97","1,114,477.06","136,770.48","1,251,247.54",0,"20,699.32","20,699.32"
2017,6,"89,943.00","165,474.00","625,050.00","339,034.00","33,961.29","1,253,462.72","143,637.53","1,397,100.24",0,"26,662.63","26,662.63"
2017,7,"6,624.00","13,248.00","37,256.00","27,199.00","3,456.52","87,783.34","7,628.51","95,411.85",0,81.1812,81.1812
2017,8,"13,196.00","27,163.00","81,718.00","58,888.00","6,801.16","187,765.67","16,260.38","204,026.05",0,"1,687.81","1,687.81"
2017,9,"20,974.02","40,328.01","157,245.35","86,381.64","12,487.23","317,416.26","27,461.49","344,877.75",0,"6,265.57","6,265.57"
2017,10,"27,600.58","47,824.45","202,707.16","111,987.92","15,090.93","405,211.04","38,846.96","444,057.99",0,"4,669.56","4,669.56"
2017,11,"40,873.87","62,635.27","245,488.49","141,632.51","18,070.28","508,700.42","49,694.48","558,394.90",0,"9,922.55","9,922.55"
2017,12,"47,530.09","75,181.78","319,672.40","167,298.73","20,684.77","630,367.76","75,856.93","706,224.70",0,"14,791.91","14,791.91"
2018,1,"58,181.17","92,484.76","377,219.09","203,206.59","24,123.83","755,215.44","85,403.57","840,619.01",0,"16,305.04","16,305.04"
2018,2,"64,929.02","104,706.34","409,145.24","230,545.42","26,693.42","836,019.44","97,470.07","933,489.51",0,"19,119.12","19,119.12"
2018,3,"72,871.80","117,481.10","460,769.05","258,547.99","29,679.08","939,349.02","108,426.72","1,047,775.73",0,"23,306.91","23,306.91"
2018,4,"80,419.60","132,194.82","521,794.73","289,816.50","32,573.42","1,056,799.05","118,363.16","1,175,162.22",0,"23,695.88","23,695.88"
2018,5,"89,169.00","146,330.00","576,431.00","322,619.00","35,722.00","1,170,271.00","137,446.00","1,307,717.00",0,"25,660.33","25,660.33"
2018,6,"99,214.64","162,483.84","640,593.35","356,855.92","52,544.53","1,311,692.29","175,534.78","1,487,227.07",0,"27,600.14","27,600.14"
2018,7,"8,299.47","15,926.33","41,767.33","29,938.05","2,851.73","98,782.92","11,372.60","110,155.52",0,0,0
2018,8,"18,175.29","29,284.38","89,560.42","61,801.53","6,313.06","205,134.67","21,971.66","227,106.33",0,"1,496.27","1,496.27"
2018,9,"25,760.00","42,794.94","159,111.93","92,640.15","9,030.36","329,337.39","36,657.46","365,994.85",0,"3,578.05","3,578.05"
2018,10,"36,065.65","57,723.99","207,365.43","126,600.98","12,180.14","439,936.20","49,866.56","489,802.76",0,"6,428.35","6,428.35"
2018,11,"44,789.97","75,580.15","255,084.63","165,202.67","15,108.29","555,765.71","63,241.22","619,006.93",0,"8,187.20","8,187.20"
2018,12,"51,700.53","91,722.60","325,542.98","193,850.87","17,938.83","680,755.82","113,896.88","794,652.70",0,"8,828.68","8,828.68"
2019,1,"61,152.30","110,267.21","380,397.70","232,443.62","21,111.56","805,372.39","119,434.61","924,806.99",0,"9,441.75","9,441.75"
2019,2,"69,878.85","125,589.56","413,265.04","266,930.24","24,235.65","899,899.33","132,923.13","1,032,822.47",0,"12,302.83","12,302.83"
2019,3,"78,822.39","142,176.47","470,096.90","300,146.28","27,270.74","1,018,512.77","138,675.47","1,157,188.24",0,"16,833.93","16,833.93"
2019,4,"86,713.27","158,215.31","545,054.29","334,976.24","30,356.90","1,155,316.00","178,542.83","1,333,858.84",0,"18,935.68","18,935.68"
2019,5,"97,254.24","178,437.09","605,288.27","374,348.21","33,927.62","1,289,255.43","204,446.66","1,493,702.09",0,"20,385.30","20,385.30"
2019,6,107701.8254,196588.3191,685389.3233,413186.1136,37347.14752,1440212.729,204460.5881,1644673.317,0,30348.21567,30348.21567
2019,7,7548.54244,16332.53713,45844.81346,34260.92425,3117.877615,107104.6949,10029.78063,117134.4755,0,0,0
2019,8,16184.87055,31622.55188,95220.90572,68882.27043,6987.445073,218898.0437,18454.59126,237352.6349,0,2920.167922,2920.167922
2019,9,25729.00653,49724.62306,180720.6074,105779.2516,9498.320091,371451.8087,49707.05347,421158.8622,0,2802.211289,2802.211289
2019,10,34223.82587,67636.30604,241041.9237,140451.3418,13889.91783,497243.3152,61975.92725,559219.2424,0,8471.88266,8471.88266
2019,11,42860.32338,85839.67432,285276.8975,178096.8523,18481.38152,610555.129,122659.0415,733214.1706,0,9619.962077,9619.962077
2019,12,51551.24179,103376.5257,367428.7985,211544.0351,22748.20855,756648.8097,173725.3184,930374.1281,0,10147.40178,10147.40178
2020,1,61780.12032,123635.8985,416731.4136,245673.5042,26717.98544,874538.922,186959.4839,1061498.406,0,13535.79422,13535.79422
2020,2,69754.35019,140036.1116,456389.8359,275438.7323,30446.91432,972065.9443,203769.6942,1175835.639,0,14050.31507,14050.31507
2020,3,76931.09663,159490.8323,519713.802,305657.4462,34452.10029,1096245.277,235945.5625,1332190.84,0,13576.69568,13576.69568
2020,4,83099.56697,171019.3675,591244.3982,332238.9431,36953.79006,1214556.066,253832.266,1468388.332,0,13400.43504,13400.43504
2020,5,89247.52209,182082.298,638961.5949,354433.2319,39534.86037,1304259.507,279172.8325,1583432.34,0,18155.61766,18155.61766
2020,6,98022.23644,195269.8252,706936.3321,383713.1885,43565.98629,1427507.569,306123.5427,1733631.111,0,19819.74128,19819.74128
2020,7,6683.232462,15053.82399,42988.55276,26185.46457,3515.218973,94426.29275,10828.11066,105254.4034,0,0,0
2020,8,14350.76039,30997.93639,80632.6628,53574.91752,7690.071624,187246.3487,24612.94217,211859.2909,0,1375.575148,1375.575148
2020,9,23167.28665,47353.82876,151247.837,83062.40895,11942.79862,316774.16,61903.48839,378677.6484,0,3915.299221,3915.299221
2020,10,32069.85956,64454.46191,198206.8304,114144.8216,16415.94712,425291.9206,80019.21323,505311.1338,0,4404.746682,4404.746682
2020,11,40658.45766,83485.40029,234072.8523,144756.7773,20541.6806,523515.1681,100668.3384,624183.5065,0,5799.92785,5799.92785
2020,12,51799.20389,102779.3917,309238.5638,179072.5181,25803.32114,668692.9986,141859.028,810552.0266,0,8500.407278,8500.407278
2021,1,59921.31284,123051.7661,350582.7256,215787.1023,29926.90408,779269.8108,157774.1917,937044.0025,0,11101.85014,11101.85014
2021,2,69449.32909,144351.7415,398371.1005,253257.2194,34918.99839,900348.3889,179213.5777,1079561.967,0,13964.58559,13964.58559
2021,3,80135.26173,162057.0677,455286.6726,292229.1412,40778.58595,1030486.729,214799.7635,1245286.493,0,18350.89634,18350.89634
2021,4,89066.20585,180647.1203,542106.3526,330642.7677,45710.74979,1188173.196,235645.9178,1423819.114,0,26161.83694,26161.83694
2021,5,97724.62576,197061.7648,597548.6811,368273.9914,49867.97939,1310477.042,247710.959,1558188.001,0,28733.72239,28733.72239
2021,6,108375.1652,216324.9168,694052.5228,410758.3969,55248.68423,1484759.686,253624.9366,1738384.623,0,36888.05519,36888.05519
2021,7,7647.32829,16566.55682,55001.24673,38101.06719,4371.647132,121687.8462,13323.51183,135011.358,0,0,0
2021,8,16837.17027,37027.67601,104859.2139,78375.25704,9775.766898,246875.0842,30038.43365,276913.5178,0,135.0029628,135.0029628
2021,9,27067.51672,58428.18876,195471.5785,120378.3869,15020.01048,416365.6814,89936.02544,506301.7068,0,6655.421636,6655.421636
2021,10,35889.85872,78774.40097,253235.0548,159671.1481,20186.1624,547756.625,107899.8905,655656.5154,0,6984.289136,6984.289136
2021,11,46237.53285,100895.9322,310524.5477,203917.9369,25705.74048,687281.69,120927.0809,808208.7709,0,7378.860238,7378.860238
2021,12,56781.13397,123675.6623,406316.5788,249386.6987,31712.07681,867872.1505,164291.1635,1032163.314,0,11984.7666,11984.7666
2022,1,66456.63351,145985.2979,464926.0071,296291.9457,36836.39208,1010496.276,183004.971,1193501.247,0,12624.27251,12624.27251
2022,2,74989.9287,165290.0421,505436.6081,337469.6712,41908.40826,1125094.658,196717.3718,1321812.03,0,14019.75887,14019.75887
2022,3,84954.05903,185817.8792,580628.2839,382306.7714,47916.15217,1281623.146,239310.5361,1520933.682,0,20027.50412,20027.50412
2022,4,93711.2905,206353.2888,679153.7742,422196.4542,52948.37013,1454363.178,264504.1223,1718867.3,0,20892.66836,20892.66836
2022,5,104731.1049,229594.491,770250.4346,471724.7352,59594.21015,1635894.976,279728.6082,1915623.584,0,22039.28143,22039.28143
2022,6,118280.1741,252094.3786,876707.216,523097.6374,67041.76118,1837221.167,362586.6017,2199807.769,0,31031.15341,31031.15341
2022,7,9365.334944,17950.89775,57935.83793,39835.29627,5387.646758,130475.0136,15789.07269,146264.0863,0,0,0