FISCAL YEAR,MONTH,DOMESTIC INTEREST,FOREIGN INTEREST,WAGES & SALARIES,PENSIONS,OTHER,TOTAL RECURRENT EXPENDITURE,COUNTY TRANSFER,DEVELOPMENT EXPENDITURE,TOTAL EXPENDITURE
1999,9,"3,816.00","3,068.00","16,749.00","1,387.00","12,919.00","37,939.00",,"6,539.00","44,478.00"
1999,12,"8,935.00","4,597.00","33,483.00","2,520.00","24,135.00","73,670.00",,"12,765.00","86,435.00"
2000,3,"15,784.00","6,039.00","50,232.00","3,732.00","39,481.00","115,268.00",,"22,493.00","137,761.00"
2000,6,"20,752.00","8,635.00","65,861.00","5,145.00","56,142.00","156,535.00",,"18,584.00","175,119.00"
2000,7,"2,739.00",746,"5,805.00",543,"4,225.00","14,058.00",,"1,360.00","15,418.00"
2000,8,"4,298.00","1,060.00","11,610.00",600,"12,192.00","29,760.00",,"1,909.00","31,669.00"
2000,9,"6,682.00","1,497.00","17,415.00","1,309.00","17,457.00","44,360.00",,"5,450.00","49,810.00"
2000,10,"8,659.00","1,934.00","23,220.00","1,650.00","26,926.00","62,389.00",,"7,396.00","69,785.00"
2000,11,"9,603.00","2,056.00","29,025.00","2,250.00","33,368.00","76,302.00",,"9,646.00","85,948.00"
2000,12,"11,302.00","2,232.00","34,828.00","3,250.00","40,593.00","92,205.00",,"12,707.00","104,912.00"
2001,1,"13,606.00","2,915.00","41,062.00","4,096.00","48,053.00","109,732.00",,"13,659.00","123,391.00"
2001,2,"14,901.00","3,293.00","46,622.00","4,755.00","57,650.00","127,221.00",,"14,807.00","142,028.00"
2001,3,"16,906.00","3,727.00","52,472.00","5,116.00","65,606.00","143,827.00",,"22,196.00","166,023.00"
2001,4,"19,225.00","4,205.00","57,431.00","5,476.00","77,896.00","164,233.00",,"23,466.00","187,699.00"
2001,5,"20,500.00","4,445.00","62,451.00","5,837.00","86,235.00","179,468.00",,"28,892.00","208,360.00"
2001,6,"23,232.00","7,803.00","68,119.00","6,136.00","93,651.00","198,941.00",,"33,980.00","232,921.00"
2001,7,"2,349.00","1,232.00","5,699.00",5,"3,534.00","12,819.00",,"1,007.00","13,826.00"
2001,8,"3,772.00","1,617.00","12,460.00","1,475.00","11,435.00","30,759.00",,"3,542.00","34,301.00"
2001,9,"5,742.00","2,436.00","18,375.00","2,505.00","15,315.00","44,373.00",,"4,609.00","48,982.00"
2001,10,"7,844.00","3,006.00","25,313.00","2,620.00","20,733.00","59,516.00",,"6,140.00","65,656.00"
2001,11,"9,534.00","3,238.00","31,641.00","4,213.00","31,315.00","79,941.00",,"7,676.00","87,617.00"
2001,12,"11,985.00","4,150.00","37,837.00","4,998.00","34,640.00","93,610.00",,"8,551.00","102,161.00"
2002,1,"14,135.00","4,998.00","44,767.00","5,782.00","42,190.00","111,872.00",,"10,555.00","122,427.00"
2002,2,"15,878.00","5,456.00","51,073.00","6,561.00","49,359.00","128,327.00",,"12,057.00","140,384.00"
2002,3,"18,044.00","6,186.00","57,542.00","6,572.00","55,781.00","144,125.00",,"13,467.00","157,592.00"
2002,4,"20,423.00","6,754.00","64,827.00","7,365.00","63,667.00","163,036.00",,"15,218.00","178,254.00"
2002,5,"21,852.00","6,941.00","72,343.00","8,155.00","69,418.00","178,709.00",,"20,459.00","199,168.00"
2002,6,"23,744.00","6,640.00","78,125.00","8,995.00","84,458.00","201,962.00",,"24,953.00","226,915.00"
2002,7,"3,105.00",732,"6,970.00",626,"5,575.00","17,008.00",,"1,780.00","18,788.00"
2002,8,"5,076.00","1,170.00","14,272.00","1,356.00","13,180.00","35,054.00",,"5,340.00","40,394.00"
2002,9,"7,374.00","1,742.00","19,277.00","2,256.00","19,201.00","49,850.00",,"7,985.00","57,835.00"
2002,10,"9,592.00","3,938.00","26,719.00","3,216.00","26,205.00","69,670.00",,"9,576.00","79,246.00"
2002,11,"11,240.00","4,868.00","33,753.00","4,166.00","31,889.00","85,916.00",,"12,757.00","98,673.00"
2002,12,"13,533.00","5,634.00","41,200.00","5,071.00","40,518.00","105,956.00",,"14,794.00","120,750.00"
2003,1,"16,005.00","6,316.00","48,182.00","5,615.00","50,135.00","126,253.00",,"17,438.00","143,691.00"
2003,2,"18,044.00","6,632.00","55,629.00","6,365.00","60,387.00","147,057.00",,"19,240.50","166,298.00"
2003,3,"20,862.00","7,154.00","63,076.00","7,314.00","62,672.00","161,078.00",,"21,043.00","182,121.00"
2003,4,"23,329.00","7,582.00","70,413.00","6,870.00","66,995.00","175,189.00",,"29,145.00","204,334.00"
2003,5,"25,183.00","7,639.00","77,750.00","7,730.00","77,458.00","195,760.00",,"35,248.00","231,008.00"
2003,6,"27,567.00","8,459.00","85,087.00","9,450.00","90,055.00","220,618.00",,"43,526.00","264,144.00"
2003,7,"2,124.98",910,"7,225.00","1,201.00","7,651.00","19,111.98",,"2,438.00","21,549.98"
2003,8,"4,262.50","1,310.00","14,435.00","2,103.00","14,861.00","36,971.50",,"6,756.00","43,727.50"
2003,9,"6,504.00","1,832.00","21,574.00","2,220.00","21,449.00","53,579.00",,"7,676.00","61,255.00"
2003,10,"8,768.00","2,526.00","28,712.00","2,720.00","29,818.00","72,544.00",,"8,740.00","81,284.00"
2003,11,"10,684.00","2,635.00","35,851.00","4,225.00","33,880.00","87,275.00",,"11,742.00","99,017.00"
2003,12,"12,701.00","3,382.00","43,722.00","6,125.00","40,947.00","106,877.00",,"14,910.00","121,787.00"
2004,1,"14,301.00","4,092.00","54,738.00","8,375.00","47,610.00","129,116.00",,"16,894.00","146,010.00"
2004,2,"16,410.00","4,498.00","63,638.00","9,305.00","52,742.00","146,593.00",,"20,046.00","166,639.00"
2004,3,"18,710.00","4,974.00","70,370.00","10,205.00","63,123.00","167,382.00",,"22,039.00","189,421.00"
2004,4,"20,309.00","5,608.00","78,610.00","10,570.00","72,036.00","187,133.00",,"25,615.00","212,748.00"
2004,5,"21,857.00","5,662.00","86,938.00","10,933.00","79,213.00","204,603.00",,"27,028.00","231,631.00"
2004,6,"23,281.00","6,419.00","95,850.00","13,612.00","105,314.00","244,476.00",,"37,711.00","282,187.00"
2004,7,"1,733.82","1,108.00","8,552.69","1,080.00","4,807.49","17,282.00",,"3,160.00","20,442.00"
2004,8,"3,661.00","1,536.00","17,638.00","2,530.00","12,848.00","38,213.00",,"4,162.00","42,375.00"
2004,9,"5,228.00","2,184.00","26,489.00","3,030.00","21,346.00","58,277.00",,"7,661.00","65,938.00"
2004,10,"6,643.00","2,796.00","35,378.00","4,140.00","30,306.00","79,263.00",,"9,516.00","88,779.00"
2004,11,"8,144.00","3,100.00","44,087.00","5,240.00","39,093.50","99,664.50",,"13,593.50","113,258.00"
2004,12,"9,777.00","4,121.00","53,054.00","6,340.00","45,422.00","118,714.00",,"14,922.00","133,636.00"
2005,1,"11,984.01","5,190.43","62,025.57","7,532.00","50,002.99","136,735.00",,"21,388.00","158,123.00"
2005,2,"13,855.00","5,612.00","68,899.00","9,132.00","56,307.00","153,805.00",,"24,158.00","177,963.00"
2005,3,"16,368.00","6,196.00","77,315.00","9,797.00","67,309.00","176,985.00",,"25,268.00","202,253.00"
2005,4,"18,406.00","6,724.00","85,602.00","11,821.00","77,780.00","200,333.00",,"29,621.00","229,954.00"
2005,5,"20,500.00","7,011.00","95,780.00","12,124.00","90,049.00","225,464.00",,"35,328.00","260,792.00"
2005,6,"23,375.00","7,427.00","105,612.00","12,568.00","109,096.00","258,078.00",,"45,627.00","303,705.00"
2005,7,"2,098.00","1,946.00","8,944.00",575,"7,571.00","21,134.00",,"3,533.00","24,667.00"
2005,8,"4,201.00","2,603.00","17,869.00","2,118.00","21,576.00","48,367.00",,"8,785.00","57,152.00"
2005,9,"6,529.00","3,222.00","26,833.00","4,438.00","32,072.00","73,094.00",,"13,458.00","86,552.00"
2005,10,"8,970.00","5,031.00","35,619.00","7,404.00","43,993.00","101,017.00",,"16,821.00","117,838.00"
2005,11,"11,198.00","5,155.00","43,747.00","9,434.00","52,603.00","122,137.00",,"19,157.00","141,294.00"
2005,12,"13,761.00","5,824.00","53,666.00","11,189.00","70,401.00","154,841.00",,"23,847.00","178,688.00"
2006,1,"16,873.00","6,887.00","62,610.00","12,698.00","80,326.00","179,394.00",,"30,397.00","209,791.00"
2006,2,"19,690.00","8,075.00","71,555.00","14,088.00","87,103.00","200,511.00",,"34,745.00","235,256.00"
2006,3,"22,772.00","8,715.00","79,621.00","15,571.00","100,299.00","226,978.00",,"41,437.00","268,415.00"
2006,4,"25,419.00","9,276.00","88,448.00","16,274.00","109,883.00","249,300.00",,"44,350.00","293,650.00"
2006,5,"28,364.00","9,378.00","97,300.00","17,922.00","122,508.00","275,472.00",,"53,415.00","328,887.00"
2006,6,"31,445.00","9,664.00","112,277.00","19,759.00","143,036.00","316,181.00",,"60,301.00","376,482.00"
2006,7,"3,009.00",582,"9,886.00","1,800.00","10,263.00","25,540.00",,372,"25,912.00"
2006,8,"5,964.00",925,"19,492.00","4,800.00","19,352.00","50,533.00",,"8,824.00","59,357.00"
2006,9,"8,918.00","1,531.00","29,344.00","6,800.00","33,874.00","80,467.00",,"13,901.00","94,368.00"
2006,10,"11,732.00","1,861.00","39,087.00","8,100.00","48,555.00","109,335.00",,"19,034.00","128,369.00"
2006,11,"14,389.00","1,957.00","48,800.00","9,900.00","60,206.54","135,252.54",,"25,858.36","161,110.89"
2006,12,"17,559.00","2,756.00","58,514.21","11,798.11","69,864.60","160,491.92",,"30,276.87","190,768.79"
2007,1,"20,634.00","3,224.00","67,370.00","12,348.00","79,741.00","183,317.00",,"36,409.00","219,726.00"
2007,2,"23,507.00","3,560.00","78,528.00","14,208.00","93,710.00","213,513.00",,"41,924.00","255,437.00"
2007,3,"27,789.00","4,158.00","89,423.00","16,668.00","106,502.00","244,540.00",,"53,094.00","297,635.00"
2007,4,"30,959.00","4,532.00","99,437.00","17,648.00","120,816.00","273,392.00",,"57,472.00","330,864.00"
2007,5,"33,698.00","4,623.00","111,308.00","19,718.00","127,186.00","296,533.00",,"65,153.00","361,686.00"
2007,6,"36,860.00","5,677.00","128,754.00","20,449.00","133,959.00","325,699.00",,"81,053.00","406,752.00"
2007,7,"3,443.00",400,"10,532.00","1,550.00","10,617.00","26,542.00",,"2,751.00","29,293.00"
2007,8,"7,413.00",685,"18,936.00","3,586.00","25,594.00","56,214.00",,"13,432.00","69,646.00"
2007,9,"10,454.00","1,069.00","33,208.00","5,238.00","28,578.00","78,547.00",,"16,275.00","94,822.00"
2007,10,"14,026.00","1,501.00","44,188.00","6,710.00","45,162.00","111,587.00",,"31,232.00","142,819.00"
2007,11,"17,568.00","1,729.00","55,347.00","8,507.00","59,827.00","142,978.00",,"45,560.00","188,538.00"
2007,12,"21,111.00","2,330.00","68,335.00","12,560.00","65,899.00","170,235.00",,"51,723.00","221,958.00"
2008,1,"24,572.00","2,752.00","79,725.00","12,200.00","102,416.00","221,665.00",,"61,951.00","283,616.00"
2008,2,"27,931.00","3,036.00","91,115.00","13,300.00","110,597.00","245,979.00",,"67,992.00","313,971.00"
2008,3,"30,969.00","4,069.00","103,504.00","16,840.00","127,674.00","283,056.00",,"75,538.00","358,594.00"
2008,4,"33,692.00","4,492.00","118,452.00","19,290.00","137,243.00","313,169.00",,"80,757.00","393,926.00"
2008,5,"38,243.00","4,719.00","130,297.00","22,350.00","156,735.00","352,344.00",,"96,341.00","448,685.00"
2008,6,"42,181.00","5,696.00","145,996.00","24,089.00","185,407.00","403,368.00",,"131,473.00","534,841.00"
2008,7,"3,213.00",356,"13,788.00","1,550.00","7,293.00","26,200.00",,"3,320.00","29,520.00"
2008,8,"6,742.00",605,"27,183.00","3,620.00","18,262.00","56,412.00",,"18,231.00","74,643.00"
2008,9,"10,417.00","1,087.00","38,111.00","7,315.00","33,556.00","90,486.00",,"19,580.00","110,066.00"
2008,10,"13,629.00","1,536.00","52,138.00","8,840.00","60,543.00","136,686.00",,"39,172.00","175,858.00"
2008,11,"18,805.00","1,692.00","61,815.00","10,400.00","71,731.00","164,443.00",,"46,067.00","210,510.00"
2008,12,"21,359.00","2,637.00","77,778.00","13,970.00","90,195.00","205,939.00",,"57,006.00","262,945.00"
2009,1,"25,176.00","3,380.00","90,435.00","14,610.00","104,988.00","238,589.00",,"62,947.00","301,536.00"
2009,2,"30,472.00","3,944.00","103,550.00","16,210.00","124,721.00","278,897.00",,"80,486.00","359,383.00"
2009,3,"33,510.00","4,442.00","117,270.00","21,021.00","132,371.00","308,614.00",,"81,512.00","390,126.00"
2009,4,"37,346.00","4,896.00","130,300.00","21,220.00","166,377.00","360,139.00",,"104,985.00","465,124.00"
2009,5,"42,089.00","6,267.00","143,330.00","22,320.00","179,494.00","393,500.00",,"122,203.00","515,703.00"
2009,6,"45,949.00","6,109.00","155,220.00","27,191.00","200,952.00","435,421.00",,"160,177.00","595,598.00"
2009,7,"4,509.00",558,"14,458.00","2,570.00","13,300.00","35,395.00",,"9,393.00","44,788.00"
2009,8,"8,834.00",826,"28,917.00","5,130.00","32,302.00","76,009.00",,"21,636.00","97,645.00"
2009,9,"13,497.00","1,490.00","43,375.00","6,880.00","56,750.00","121,992.00",,"39,021.00","161,013.00"
2009,10,"19,631.00","1,917.00","57,833.00","8,920.00","76,508.00","164,809.00",,"45,920.00","210,729.00"
2009,11,"25,789.00","2,199.00","72,291.00","12,470.00","82,700.00","195,449.00",,"52,297.00","247,746.00"
2009,12,"31,144.00","3,167.00","82,516.00","16,110.00","101,911.00","234,848.00",,"61,284.00","296,132.00"
2010,1,"34,415.00","3,623.00","101,208.00","17,410.00","125,783.00","282,439.00",,"91,807.00","374,246.00"
2010,2,"38,861.00","3,886.00","115,666.00","20,300.00","153,009.00","331,722.00",,"108,304.00","440,026.00"
2010,3,"43,440.00","4,483.00","128,058.00","24,812.00","181,097.00","381,890.00",,"121,194.00","503,084.00"
2010,4,"46,510.00","4,898.00","144,583.00","24,778.00","191,856.00","412,625.00",,"152,487.00","565,112.00"
2010,5,"51,923.00","5,194.00","156,515.00","27,094.00","228,185.00","468,911.00",,"175,633.00","644,544.00"
2010,6,"58,438.00","6,341.00","173,499.00","28,441.00","269,676.00","536,395.00",,"255,398.00","791,793.00"
2010,7,"3,762.00",491,"15,974.00","1,950.00","13,582.00","35,759.00",,174,"35,933.00"
2010,8,"9,380.00",747,"31,948.00","4,085.00","39,260.00","85,420.00",,"26,364.00","111,784.00"
2010,9,"14,487.00","1,596.00","43,412.00","6,000.00","58,227.00","123,722.00",,"39,741.00","163,463.00"
2010,10,"21,612.00","2,303.00","64,881.00","8,860.00","83,276.00","180,932.00",,"62,550.00","243,482.00"
2010,11,"27,223.00","2,789.00","81,101.00","10,650.00","102,229.00","223,992.00",,"79,574.00","303,566.00"
2010,12,"34,214.00","3,634.00","98,395.00","13,470.00","123,817.00","273,530.00",,"83,192.67","356,722.67"
2011,1,"36,737.00","4,169.00","114,794.00","15,110.00","149,392.00","320,202.00",,"113,899.50","434,101.50"
2011,2,"41,645.00","4,429.00","131,194.00","17,010.00","161,224.00","355,502.00",,"133,862.00","489,364.00"
2011,3,"49,214.00","5,159.00","147,593.00","19,310.00","188,835.00","410,111.00",,"149,889.00","560,000.00"
2011,4,"52,846.00","5,159.00","165,051.00","22,385.00","216,196.00","461,637.00",,"168,499.00","630,136.00"
2011,5,"58,183.00","6,174.00","181,556.00","23,660.00","229,768.00","499,341.00",,"188,257.00","687,598.00"
2011,6,"69,209.00","6,989.00","197,959.00","26,670.00","281,696.00","582,523.00",,"234,566.00","817,089.00"
2011,7,"2,737.00",567,"18,547.00","1,700.00","14,853.00","38,404.00",,"5,315.00","43,719.00"
2011,8,"11,384.00",826,"37,094.00","3,800.00","25,297.00","78,401.00",,"17,480.00","95,881.00"
2011,9,"17,366.00","1,551.00","55,641.00","6,152.00","55,765.00","136,475.00",,"43,150.00","179,625.00"
2011,10,"23,738.00","2,102.00","68,345.00","8,072.00","86,313.00","188,570.00",,"59,731.00","248,301.00"
2011,11,"29,467.00","2,559.00","85,432.00","9,250.00","116,977.00","243,685.00",,"76,384.00","320,069.00"
2011,12,"37,749.14","3,454.61","108,090.10","11,250.00","155,388.76","315,932.61",,"114,992.97","430,925.57"
2012,1,"38,182.22","4,060.80","126,105.11","13,250.00","190,266.43","371,864.57",,"137,335.58","509,200.15"
2012,2,"51,178.00","4,339.00","144,120.00","15,150.00","211,248.00","426,035.00",,"160,518.00","586,553.00"
2012,3,"56,422.00","5,099.00","163,974.00","18,852.00","235,083.00","479,430.00",,"190,752.00","670,182.00"
2012,4,"65,007.00","5,645.00","182,193.00","21,752.00","271,219.28","545,816.28",,"202,878.00","748,694.28"
2012,5,"73,800.00","6,134.00","198,756.00","23,652.00","292,311.28","594,653.28",,"231,574.00","826,227.28"
2012,6,"82,339.00","8,880.00","218,833.00","26,152.00","302,865.00","639,069.00",,"276,819.00","915,888.00"
2012,7,"6,815.19",698.1526121,"21,783.33","2,050.00","8,796.96","40,143.64",,"9,888.60","50,032.24"
2012,8,"18,183.87","1,686.45","43,566.67","3,500.00","40,927.12","107,864.11",,"38,321.03","146,185.13"
2012,9,"25,209.18","2,922.52","65,350.00","6,350.00","68,240.63","168,072.33",,"64,219.81","232,292.14"
2012,10,"36,129.28","3,683.09","86,478.25","6,850.00","94,623.97","227,764.58",,"80,694.52","308,459.11"
2012,11,"45,835.69","4,462.05","108,916.67","10,300.00","133,614.54","303,128.95",,"99,937.95","403,066.90"
2012,12,"53,622.58","5,528.77","131,149.18","12,300.00","182,881.04","385,481.57",,"120,930.06","506,411.63"
2013,1,"59,307.55","6,834.88","153,007.38","14,130.00","205,106.73","438,386.54",,"151,162.16","589,548.70"
2013,2,"71,512.07","7,427.72","174,266.67","16,930.00","230,903.54","501,040.00",,"159,151.43","660,191.43"
2013,3,"78,929.14","8,732.27","202,225.07","19,930.00","266,599.30","576,415.78",,"197,661.20","774,076.98"
2013,4,"87,699.14","9,485.34","217,833.33","20,180.00","324,804.24","660,002.05",,"218,169.51","878,171.56"
2013,5,"101,275.29","10,299.86","247,163.97","22,030.00","356,700.55","737,469.67",,"248,051.61","985,521.28"
2013,6,"94,513.54","11,335.23","292,239.00","41,011.83","380,551.34","819,650.94",,"443,721.01","1,263,371.95"
2013,7,"3,315.20",504.2940934,"22,788.15","1,800.00","21,343.47","49,751.12",,175.346881,"49,926.47"
2013,8,"14,654.60",809.3578708,"45,388.38","4,050.00","56,410.42","121,312.75","16,440.59","7,281.19","145,034.54"
2013,9,"28,377.45","2,913.05","67,292.28","6,050.00","88,786.62","193,419.39","32,881.18","38,125.32","264,425.90"
2013,10,"40,650.43","3,480.51","90,376.75","8,900.00","116,934.15","260,341.84","32,881.18","59,077.77","352,300.80"
2013,11,"50,945.13","4,016.00","113,720.94","11,460.00","139,857.10","319,999.17","52,223.06","86,160.45","458,382.67"
2013,12,"60,096.26","5,019.90","138,165.13","13,810.00","162,330.28","379,421.57","66,542.32","110,801.04","556,764.93"
2014,1,"64,918.71","5,688.91","173,395.17","16,010.00","196,048.64","456,061.43","88,972.61","124,805.58","669,839.62"
2014,2,"75,748.55","6,040.25","196,831.47","18,310.00","198,953.81","495,884.08","91,207.95","158,805.86","745,897.89"
2014,3,"82,561.90","8,192.83","221,249.69","20,310.00","213,130.47","545,444.89","110,115.24","172,084.74","827,644.87"
2014,4,"89,273.47","8,759.89","246,032.99","22,660.00","239,446.78","606,173.12","124,810.42","209,478.72","940,462.26"
2014,5,"108,703.69","9,479.74","270,836.28","24,910.00","267,877.26","681,806.98","159,907.70","237,985.21","1,079,699.88"
2014,6,"119,193.05","14,934.32","288,471.47","31,210.00","342,684.21","796,493.04","193,389.86","291,279.92","1,281,162.82"
2014,7,"4,509.05",462.6764361,"25,000.00","1,800.00","15,358.76","47,130.48",0,"2,459.60","49,590.08"
2014,8,"18,657.00","1,051.22","50,010.00","3,945.98","55,456.43","129,120.64",0,"11,949.15","141,069.79"
2014,9,"34,672.73","3,848.46","75,030.00","6,915.98","98,484.71","218,951.88","9,064.02","33,099.67","261,115.56"
2014,10,"39,569.10","4,179.79","91,492.45","9,735.98","104,572.59","249,549.91","50,721.92","73,235.79","373,507.61"
2014,11,"51,230.69","5,164.95","114,365.56","12,495.98","119,190.90","302,448.07","69,908.34","117,740.19","490,096.60"
2014,12,"56,110.24","11,375.15","150,000.00","15,995.98","150,371.38","383,852.75","83,616.28","146,495.56","613,964.59"
2015,1,"61,630.83","12,806.62","165,150.91","19,246.98","200,895.08","459,730.43","108,244.08","196,861.21","764,835.72"
2015,2,"72,382.34","18,914.55","188,743.90","20,446.98","235,488.12","535,975.88","115,321.81","212,885.93","864,183.63"
2015,3,"85,699.50","21,303.29","225,000.00","25,946.98","261,707.44","619,657.21","138,064.92","375,413.07","1,133,135.19"
2015,4,"97,735.57","21,303.29","250,000.00","30,046.98","293,817.10","692,902.94","172,338.06","399,083.81","1,264,324.81"
2015,5,"109,786.10","21,309.01","232,817.94","33,081.98","350,025.36","747,020.39","180,538.26","420,084.15","1,347,642.80"
2015,6,"139,727.92","29,289.05","297,978.48","38,231.98","359,020.53","864,247.96","229,336.24","511,822.12","1,605,406.32"
2015,7,"6,722.04","1,973.01","27,793.89",200,"15,138.25","51,827.19",0,"5,155.94","56,983.12"
2015,8,"19,393.26","2,454.20","55,587.78","3,100.00","16,553.28","97,088.52","11,834.57","29,772.57","138,695.66"
2015,9,"37,395.18","5,635.86","52,089.78","10,400.00","76,074.54","181,595.36","31,387.60","41,218.70","254,201.66"
2015,10,"51,557.36","5,635.86","52,092.78","14,400.00","161,362.77","285,048.77","54,151.57","57,472.47","396,672.81"
2015,11,"67,275.85","5,990.23","97,226.10","19,055.00","179,848.10","369,395.27","78,767.00","159,564.86","607,727.13"
2015,12,"85,715.00","15,067.00","148,714.77","23,468.00","203,997.23","476,962.00","99,191.00","193,030.00","769,183.00"
2016,1,"92,686.07","17,374.18","194,557.22","27,053.70","218,855.00","550,526.18","114,192.75","224,147.67","888,866.61"
2016,2,"105,146.71","17,937.31","222,351.11","27,053.70","194,337.48","566,826.32","114,659.52","246,270.44","927,756.27"
2016,3,"122,586.88","19,403.84","250,145.00","35,243.53","283,424.12","710,803.37","161,598.08","297,263.12","1,169,664.57"
2016,4,"137,820.73","20,253.97","277,938.89","42,278.43","323,418.54","801,710.57","199,384.77","337,847.99","1,338,943.32"
2016,5,"153,792.91","21,524.14","305,732.78","47,892.93","371,506.65","900,449.41","227,231.69","363,870.47","1,491,551.56"
2016,6,"172,857.04","30,510.02","307,421.40","54,396.43","463,943.67","1,029,128.55","264,038.64","483,601.22","1,776,768.41"
2016,7,"8,643.42","7,030.99","30,064.68","2,603.50","13,471.98","61,814.58",0,"1,579.67","63,394.25"
2016,8,"26,556.32","7,774.30","45,635.66","7,504.50","68,661.95","156,132.73","29,493.98","6,147.45","191,774.15"
2016,9,"36,110.38","9,422.97","75,100.00","14,533.60","107,164.45","242,331.40","55,346.51","81,751.51","379,429.41"
2016,10,"59,154.68","10,676.13","120,258.74","16,471.90","123,383.58","329,945.03","68,270.92","130,708.58","528,924.53"
2016,11,"76,925.20","14,818.71","150,323.42","21,454.30","161,250.65","424,772.28","95,596.66","225,436.67","745,805.61"
2016,12,"100,088.42","25,447.95","180,388.11","30,244.55","200,386.49","536,555.52","116,252.25","251,622.97","904,430.74"
2017,1,"110,412.62","34,805.51","210,452.79","32,461.55","222,037.64","610,170.12","139,309.49","333,425.71","1,082,905.32"
2017,2,"125,425.29","35,589.51","240,517.47","38,696.55","268,772.40","709,001.23","152,669.15","379,645.43","1,241,315.80"
2017,3,"145,791.96","37,279.89","270,582.16","41,911.25","312,942.75","808,508.00","185,231.18","441,360.14","1,435,099.32"
2017,4,"164,125.52","38,508.27","300,646.84","50,723.75","362,333.43","916,337.80","210,183.27","530,711.28","1,657,232.35"
2017,5,"188,577.71","44,322.00","307,424.52","52,520.75","454,556.12","1,047,401.09","245,501.35","559,397.12","1,852,299.55"
2017,6,"212,865.24","53,520.42","360,776.21","62,393.35","529,457.24","1,219,012.45","284,708.46","660,000.90","2,163,721.81"
2017,7,"11,708.84","7,102.48","32,604.92",250,"17,821.82","69,488.06","8,793.58","5,748.51","84,030.16"
2017,8,"29,524.29","7,763.86","65,209.83","7,545.80","77,352.63","187,396.42","17,901.08","24,275.43","229,572.92"
2017,9,"49,871.41","12,246.58","97,814.75","10,222.32","127,052.54","297,207.61","20,434.08","57,713.23","375,354.92"
2017,10,"70,241.95","19,427.91","122,003.94","16,315.17","163,187.77","391,176.74","35,371.29","121,796.38","548,344.41"
2017,11,"89,408.82","25,130.60","163,024.58","22,170.20","210,492.10","510,226.29","65,452.70","143,302.51","718,981.50"
2017,12,"114,630.26","41,279.05","195,629.50","27,908.41","255,069.38","634,516.61","84,670.93","209,797.72","928,985.25"
2018,1,"125,890.99","50,339.41","228,234.42","31,735.91","323,470.58","759,671.31","107,516.24","209,851.17","1,077,038.72"
2018,2,"140,772.99","51,063.26","260,839.33","37,515.91","366,306.50","856,497.99","126,943.93","277,073.94","1,260,515.87"
2018,3,"164,585.41","55,594.79","293,444.25","47,038.94","412,395.95","973,059.34","174,517.77","341,079.36","1,488,656.48"
2018,4,"189,922.80","62,785.04","326,049.17","52,750.94","456,177.42","1,087,685.37","193,060.77","366,067.30","1,646,813.43"
2018,5,"214,077.00","66,456.00","358,654.00","54,667.00","509,229.00","1,203,083.00","239,787.59","392,982.33","1,835,852.92"
2018,6,"239,469.90","84,420.24","383,950.92","65,098.55","546,646.23","1,319,585.84","306,200.00","485,673.05","2,111,458.89"
2018,7,"17,311.96","10,462.31","37,013.08","3,300.00","21,385.15","89,472.50",0,"2,203.70","91,676.20"
2018,8,"34,002.41","19,076.90","74,026.16","7,693.40","78,029.49","212,828.36","4,031.94","36,083.00","252,943.30"
2018,9,"61,118.92","22,979.46","94,978.24","13,122.27","153,174.35","345,373.24","23,532.37","83,554.65","452,460.26"
2018,10,"82,890.10","32,384.41","148,052.32","18,277.13","163,261.19","444,865.14","44,704.47","130,301.04","619,870.64"
2018,11,"105,505.46","32,384.41","185,065.40","22,931.43","196,780.38","542,667.07","74,491.27","234,868.88","852,027.23"
2018,12,"131,525.06","46,099.34","201,615.88","38,171.51","226,492.90","643,904.69","119,674.39","311,881.76","1,075,460.83"
2019,1,"146,765.11","52,475.36","247,958.59","37,392.60","328,206.56","812,798.22","150,258.12","328,606.66","1,291,662.99"
2019,2,"165,625.12","61,122.26","283,381.24","43,884.83","370,300.99","924,314.45","177,310.95","364,473.94","1,466,099.34"
2019,3,"193,339.39","80,049.95","318,062.94","50,727.02","411,663.62","1,053,842.93","205,630.10","384,915.87","1,644,388.90"
2019,4,"220,088.71","86,272.48","354,226.55","55,603.02","486,995.68","1,203,186.44","234,285.21","419,126.89","1,856,598.54"
2019,5,"245,956.00","90,450.50","389,649.21","60,238.77","542,752.00","1,329,046.48","263,350.60","477,427.07","2,069,824.16"
2019,6,264832.3803,103717.57,427952.7012,84605.29411,618893.639,1500001.585,360331.8178,529195.339,2389528.741
2019,7,28746.19775,15116.62422,38340.02593,3146.927675,22892.73433,108242.5099,0,4732.147533,112974.6574
2019,8,50369.80396,25533.56327,76680.05186,6534.927675,78731.26402,237849.6108,0,17036.41813,254886.0289
2019,9,76250.00787,34162.85605,109719.4744,26258.57672,144792.35,391183.2651,57542.09115,95900.48225,544625.8385
2019,10,97810.97336,40481.85814,153360.1037,29058.56571,182551.8773,503263.3782,69431.1164,129883.9989,702578.4935
2019,11,126431.7125,52404.39128,191700.1297,33128.05493,232030.9308,635695.2192,87705.71095,183616.8231,907017.7533
2019,12,147163.9239,61511.53786,225709.1186,50197.37974,343164.8752,827746.8353,122208.6905,268145.1917,1218100.718
2020,1,171465.8846,76608.22743,268380.1815,53478.73526,371298.4156,941231.4444,160472.3271,335160.3168,1436864.088
2020,2,195971.5544,86770.91482,306720.2075,59773.6357,415694.5923,1064930.905,188941.3589,360573.3728,1614445.636
2020,3,223268.616,94548.34935,331864.3311,74145.72218,457670.2784,1181497.297,214784.8183,471960.0487,1868242.164
2020,4,255057,100598.7199,380117.0194,74502.08253,487019.8946,1297294.716,246871.3149,426550.3477,1970716.379
2020,5,285611.0947,112453.3165,421740.2852,76250.58062,549377.5522,1445432.829,263090.408,470374.7649,2178898.002
2020,6,315361.9427,121840.0895,449926.9467,89605.47873,668487.321,1645221.779,325278.0575,594943.6658,2565443.502
2020,7,27700.76436,15028.66851,26361.1195,3967.472619,15657.36083,88715.38581,908.0041239,4583.721283,94207.11122
2020,8,56781.03113,30339.04173,75222.239,13578.93085,75706.24333,251627.486,28021.59476,54222.44987,333871.5307
2020,9,81168.50518,34133.51785,118569.5353,26189.09572,99429.97533,359490.6294,28838.87298,122057.2755,510386.7779
2020,10,115684.6646,38127.69255,165444.478,30374.89047,152909.7964,502541.5221,81896.04163,137306.8633,721744.427
2020,11,154618.9023,51705.88355,206805.5975,32159.61604,192503.2423,637793.2417,108035.7131,185611.922,931440.8768
2020,12,186745.8586,61063.53013,238207.1174,53821.29762,283538.027,823375.8308,128690.8348,262777.5617,1214844.227
2021,1,218187.7371,62842.31718,289527.8365,49686.81493,315658.6136,935903.3194,164402.445,246798.4006,1347104.165
2021,2,255863.1946,70258.31622,330888.956,55414.76651,352309.1599,1064734.393,186868.355,275516.4321,1527119.18
2021,3,286105.5079,80182.53566,352074.8253,82672.02741,439828.8542,1240863.75,209870.6461,369948.0256,1820682.422
2021,4,318487.946,82974.49141,406696.0015,76360.38419,502621.4151,1387140.238,249046.1234,399474.9417,2035661.303
2021,5,360115.3432,97363.63141,448773.6815,78672.78902,546862.3834,1531787.829,273527.4573,436793.4418,2242108.728
2021,6,388829.5636,106312.3184,493913.5811,112975.4098,664925.9733,1766956.846,390809.4589,548531.2469,2706297.552
2021,7,38980.53485,11777.99604,40956.14978,4564.071131,41175.75058,137454.5024,967.4060576,6252.014114,144673.9226
2021,8,74051.20193,26862.78276,87685.37066,12902.10716,93776.59186,295278.0544,31462.42054,52459.21585,379199.6908
2021,9,101141.5105,30018.59318,126543.5637,27663.48365,168292.8678,453660.0187,61050,116952.0037,631662.0224
2021,10,141843.9595,33760.37111,175370.7413,31984.55503,230670.506,613630.1329,92500,150064.776,856194.909
2021,11,189410.3698,47825.06113,219213.4267,38148.61175,283129.3651,777726.8344,108457.802,192970.6268,1079155.263
2021,12,217281.8735,57296.14426,246980.6634,60724.97112,402923.7433,985207.3956,144983.3185,234688.5728,1364879.287
2022,1,253317.5281,73052.59946,306898.7973,61494.06735,421186.6247,1115949.617,171835.2828,256755.1094,1544540.009
2022,2,295920.5006,89305.95352,350741.4826,65206.09788,473715.8396,1274889.874,193653.4394,300874.2901,1769417.604
2022,3,332229.5478,92541.75427,386233.9408,94012.75819,585027.7666,1490045.768,216319.6714,362747.0631,2069112.502
2022,4,371286.7188,96150.61524,438515.9275,93856.54062,646362.0321,1646171.834,261000.9359,410488.2686,2317661.039
2022,5,427249.8845,111184.9488,482403.1499,103617.8669,708798.3177,1833254.168,286496.0241,440489.7452,2560239.937
2022,6,456848.6082,120811.74,520032.7734,122431.5818,914861.7472,2134986.451,352414.3146,535782.3821,3023183.147
2022,7,33487.2305,16206.41504,41130.11125,5563.806813,32995.37021,129382.9338,22992.45258,5583.340243,157958.7266